,n,eterna_id,target,sequence
0,8,12,((((...)))).,AGCCAAGGGCUG
1,1,16,(((((......))))),GGGAUAAAAAAGUCCC
2,23,17,((....)).((....)),CUGAAAAGACCCUGGGG
3,26,26,..((((((((.....)).))))))..,UACCUGACCGAUUUGCGAGUCGGGGC
4,15,30,(((((.....))..((.........))))),CGCAGAAAAACUAAGCAGAAAGAAAGCGCG
5,30,31,.(((((((((((...)))))....)))))).,UACACUGCAGGCUUUGCCUGUUUUCAGUGUU
6,88,34,....((((((((.(....)).).).)))))....,AUAACGAGGGGCGCGGAAGGACUCACCUCGAAAA
7,41,35,((....)).((....)).((....)).((....)),CCAACAGGAGCGAGAGCAAGGAAACUAGCGAAAGC
8,66,36,.((.((.((..((.(...).)).))..))....)).,AGCGGAGCCAAGAGCAAAGGUCAGGAGUCAAAAGCA
9,11,36,((((((.((((((((....))))).)).).)))))),GUGCCAGGGUUGCGGCUAGCCGUACGCAUGUGGCAU
10,3,36,((((((.((((....))))))).)))..........,AGUGUGAGUUGCCCGCAGCCACGACUACGCGGACUC
11,57,36,((.(..(.(....).(....).)..).(....).)),GGAGAACGCGAAAGAGGAAACAGGGCACGAAAGACC
12,40,38,..((((((((.....))))((((.....))))))))..,GAGUCGGCCCUUGCGGGGCACAGAUUGUCUGUUGAUGU
13,65,40,.(((((........)((((....))))..)))).......,AGCACGGAUCGUCACGGCGCACGCGCCAAGUGCAAGAAAC
14,20,42,(((((((.(.(.(.(((((((....))))))))))))))))),ACUCAGAAGCGAGAUUGGUCCGAGAGGGCCGGCCCUCUGAGU
15,33,45,.......(.(.(.(.(.((.((.(....).)).)).).).).).),GGGGGGGGGAGGGUGGGUGGUGGUGGGAGGCAGCGGCGAGCGUGC
16,10,45,..........((((....))))((((....))))((((...)))),UAUUUUUUUAGGCGUUUUCGCCGCCGUUCACGGCCCGGUUUCCGG
17,47,50,((((......(((((...))).((....)).........)).....)))),GACUAGGGGGGCGGCAGGGUCAGGGAGACCAGGGGGAGGGCGGGGGGGUC
18,62,53,.((.((.((.((..((..((.((...))..)).)).))..))..))....)).,AGGAGCACCAGGAACCAAGCAGCAAAGCAAGCAGGACCAAGGAAGCGAAACCC
19,27,57,.....(((((.(.(.((.(.(((((((((....))))))))))))))))))).....,GCGAUCCCGGAGAGACCGCACCCACCGCCAGCGGGCGGUGGGGGGCCCCGGGCAAUG
20,25,62,(((.....(((.....(((.....(((.....(((........))).))).))).))).))),CGGUUUUUAUCUUUAUGGGUUUUUUUGUUAUUUGCUUAAUUAUGCAUCGAUCCCUGGUUCCG
21,67,61,......(.........((((.....)))).........)......................,UAAAAAGAAAAAAACUACGCAUUACGCGUUUAAAAAAGCAGAAACAAAAGUAACUCAUCAA
22,44,63,.....(((.(((((....)).)))(((.((....))))).)))....................,AAGAACCGACAGAGAUUACUACUGCGCACGCUAACGGCGACGGAGGAAAAAAAGGAUGAAAAA
23,45,63,(((((((((....))))(((((....)))))(((((....)))))((((....))))))))).,UCGCCGUGGCAGGCCGCACCCCACCGGGGGUCACUCUAUAGGGUGCAGGGUAACCUGGGCGAA
24,61,67,.....((.((.((...)).((...))...)))).((.((.((...)).((...))...)))).....,CAAAAGGAGCAGGAACCCAGCAGAGCAUAGCCCACCAGCACCCAAGGAGGAACCCAACGCGGAAAAC
25,13,67,((((((((((((((((((((((((((...))))))....)))))))....))))))....))))))),GGGGGAUGGACGGGAGCGCUACAUAGCUACUAUGUCAACGGUGCUCGGGCUCGUUUUGAAAUCUCCU
26,59,68,.....((((((.((((((((....))))))).)))((((((((((....)))))))))))))).....,UUAAAGGGCGCGCACCAACAAACUUGUUGGUCGGCAUAGUGUACACGAAUGUACGCUAUGCCCAGAGU
27,18,67,((((((.....(((....(((...(((((.............)))))....)))..)))..)))))),ACCCGUUUUUUCAUUUUUUGGUUUCUCGGUUUUUUUUUUUUUUCGGGUUUUCCAUUAUGUUAUGGGU
28,72,73,..((((((((.......(.((((((....)))))).(((((((....))))))).).......))))))))..,AGCCACCGCUGAAAUAGCACGGGACUAUGGUCCCGGGGUACCCAAAGGGGUGCCAGAGACCGAAGCGGUGGAA
29,75,75,......(((......((((..(....(((........)))....).....)))).......)))...........,GAAAAACCCUGUCUUAGGCGUCGAAUACCUAUAAAAUGGUCAAAGUAAAAGCCUUAAAAUUGGGAAAGAAAAAAA
30,52,80,.((......((......))......((......((......))......((......))......))......)).....,AGGAAAAAAUCAAAAAAGAAAAAAAGCAAAAAAUGGAAAAACAAAAAAAGCAAAAAAGUAAAAAAGCAAAAAACCAAAAA
31,95,82,..(((((((((((((....)))))(((((....))))))))((((((((....)))))(((((....)))))))))))))..,AAGGGGGGCUUCGGGAACACCCGGGUGCUAAAAAGCACGGCGAGGGCCGGAAACGGCCUAAAAAAAGUUUUACUCCCCCCAA
32,43,85,.....(((((..((..((..(((..(((..((..((...)).)).))).))).)).)).))))).....................,UUAUUCCGCGUUCGUUGGUUCGGUUCGCUUAGUUCCAUUGGUCUUGCGUCCGUCCUCGUCGCGGUUUUAUUUUUUUUGAUUUAUU
33,71,88,....((....((....((....((..((..((...))..))....))......)).......)).........)).............,AAAAGCAAAACCGAAACCAAAACCAAGCAACCAAAGGAAGCGACAGGGAAAAAGGAAAUAAAGGGAAAAAAAGGCAAAAAAAAAAAAG
34,54,92,(((((((((....)))))(((((....)))))(((((....)))))(((((....)))))(((((....)))))(((((....))))))))),ACCCCGCGCAACGGCGCGGCGAGCCAUCUCGCGGGGGUUAUCCCCCCCGGAACCGUCCGGGGCGACUUAUCGCCAGCCCCGAGGGGCUGGGU
35,34,96,.....((((.(((((....))))).(((....))).)).))....((((.(((....))).(((....))).))))....................,AGACACAGCUGGGGCAAGAGCCCCCGAGAAAACUCCGCAUGAAUACGCGCAGGCCGACCUAAACAACUGUUACGCGGAAAGGACAAAAAGAAGAAG
36,89,97,......((.((..((..(...(.((.((....))))..)...(.((..((....))..))..)...).))..)))).....................,GAAAGACCACGAAGAGCCAACGAAGAGGGAAACCCUGCCAACGAAGAAGGAAAACCAACUGCCAACGAUCAACGGGAAAAAAAAAAAAAAAUUUAAU
37,87,97,....((((((((....((..(...................)..((...((....))...((....))........))......))))))))))....,AAAAGGCACCCAAAAAGGACGGAAAAAAAAAAAAAAAAAACACGCAUAGAAAAAUCAAACCAAUAGGAAAAAAACGCAAAUAACCUGGGUGCCGAAA
38,46,97,.....((((((((((((....))))((((....))))))))((((((((....))))((((....))))))))))))....................,CAGUCCCGCCGGGCCAGGGGACUGGAGCGUACACGCUCCCGGGCCGGACGAAAGUCCCGCGCAAGCGCGGGCCGCGGAGUAAAGGUAAGUAAACGUU
39,14,98,.....((...((....))...((....))...((....))...((....))...((....))...((....))...))....................,GAUAAGGGAAGGAAAACCAUACGGAAACGAAAGCGAAAGCAACACGAAAGUCAAGCAAAAGCAAAGCAAAAGCAAACCGAAAAAAAACAAAUAAAAAG
40,92,100,.......((.((.((...)).((...))...)))).((.((.((...)).((...))...)))).((.((.((...)).((...))...)))).......,AAAUAUAGGAGCACCAAAGGACCAAAGGAAAGCCCAGCACGAGGAUACCAGCAAAGCAAACGGCACCACCAGCAAAGCACCAUAGGAACGGGGAAAAAAA
41,79,101,......(.((((.((((....(...((((.(....).))))...)))))..((......((((....)))))).)))).).....................,AGAAGACACACAACGGAAAACGAAAGCCCCCAAAUGAGGGCAAGCUCCGAAGGAAAAACCCGCCCAAGCGGCCAUGUGCGAAGAAAAAUAACGAAAAAAAA
42,49,101,.....(((.(..(.(((((.((((.((...)))).))))((((((...)).))))..(((...)))...))).)..).)))....................,AAAUACCCAGAGGAACCGCAGGGGAGCAUAGCCCGCCGCGCGGCGCAACGACCGCAAGCCAUAGGCAGAGGUACACCAGGGAAAAAAAAAAUGAAAAAAAA
43,5,101,..(.(..((((((....))))))..).)......((((..(((.(((((((((....)))))....)))))))))))..((((((((....))))))))..,AAGCGGACGCGGCGUUAGCCGCGAACACAAAAAGGGCCCCGCCAGCGGCCACAGAAAUGUGGAAAACCGCGGCGGCCGACGGCGGCCAAAAGGCCGCCGAA
44,55,102,.....((((((((((....)))(((....((((.(((.....))).((((((......)))...))))))))))))).))))....................,CAAAAGCCGCGAAGAAUGAUCUCGCUAAAGGGGACACACAAAGUGAGCCGCGAAAAAACGCAACGGCCCCCGCGUCGACGGCAAAAUAUGUAAAAAAAAAGA
45,31,102,.....((((.((((((.(((.(((((.((((.((((.((.((.((.((.((.((.....)))))))))))))))))))))))))))))))))))))).....,UUUUAGGGCAGGCAGUUGGGUCCGUCUCGCCUCGCCUGCAGGAGUACGUCGUCGUAAAACGCGCGACCCGCGGCGGGCGGGCGGCCCACUGCCGCCCAUUUU
46,48,102,.....((((((((...)))).((((((((...))))..((((...))))..((((...)))))))).((((...))))))))....................,AAAAAACAGGACCAAAGGUCAGGGACGCCAAAGGCGAAAGAGAAACUCUAAAAGCAAAGCUUUCCCACGCGGAACGCGCUGUAAAAAUGAAAAAAAAAAAAA
47,37,103,.....((.((..(((((.(((....)))(((....)))))).....((((((....)))(((....))).)))))..)).)).....................,UUUUUGCUCCUUGCCCCUGCCUUAUGGCCCCUUUUGGGGGGUUUUUGCCACCUUCUGGUCACUUUUGUGUGGCGCUUGGUGCUAAUCUUUUCUUUUCGUAUUU
48,84,104,.....((((((((((....)))(((....((((((((...(((.....)))))))(((......))).))))))))))..))))....................,AAAAACCCGGGCCGGAAAACCGAGGAAAACGCGCCGCAAAACGAAAAACGUGCGGCCCAAAAAAGGGACGCGCCUGCCAACGGGAAAAAAGAAAAAAAAAAAAA
49,24,104,.....(.((((..(((((........)))))..(((.(((.(((((.....))))).((((....)))).))))))..)))).)....................,GGGGGAGCACUGGUCACUGGGGGGGGAGUGAGGGAUGUCGGAGCUUGGGGAAGGCUGAAGUGGGGGCUUGCGGAUCGGAGUGGUGGGGGGGGGGGGGGGGGGAG
50,19,104,.....((((.(((((....)).))).(((.(((....)))))).((((((....)).)))).(((((....))).)))))).......................,AAAAAGGGCAGCCCAAACGUGAGGCACGGAGGGAAAACCCCCGACACCGGAAAACCAGGUGACACCGAAAACGGAUGGCCCCAUCAAAGAAAAAAGAAUCGGUA
51,29,105,.....((((((((..((((....))))..)))).((((..(...)..)))).((((..(..(((.....)))..)..))))))))....................,UAAUCGCCGGGGCCUCCCCAUAAGGGGUUGCCCUGCGGCCCAAUGUUCCGCUGCGCUCCUUGGGGAGUACCCUUGUUGCGCCGGCAUAAAAGAAGAAAAAUAGUA
52,77,105,.....(((((((.(((((....)))).)))(((((.((..((((....))))..(((((......)))))..)).))))))))))....................,AAAAAAGCCCGCGCCCACAUAAGUGGCGGCGGGCCACCAACCGAAAAAUCGGAAAACCCAAAAAGGGGUUAAGGAGGCCCGGGCUAAACAAAAAAAAAAAAGAUU
53,60,105,.....((((.(...(.((((.(.((((.((.((((.((.(((....))).).)))))).)))))....).)))).)...).))))....................,ACAAACACCUCUAUCACCAGUCUGGAGCGCGCCCGCGCACGCACAAGCGAGACCGGGGACCUCCUUACGUCUGGAGUAUGUGGUGGCCUAUAAAAAAAUUACCAA
54,50,105,.....((((.(((((....))....))).(((....))).)).))....((((.(((....)...)).(((....))).))..))....................,AAAAACACCAGCCGGAAAACCAAAGGGCAGGCAAAAGCCAGGAUGAAUAGCCGAGCCGAAAGAAAGCAACGAAAUCGUACGAAGCAUAAAAAAAAAACAAAGAAA
55,21,105,.....((((((((....))))((((.((((....))))(((((....))))).((((....))))))))((((....))))))))....................,UUUUUCGACGGCCUUUUGGCCACGCUGCGAUUUUUCGCGGAGCUUUUGCUCCUCGCCUUUGGGCGGCGUCAGGUUUUCCUGGUCGUUUUUUUUUUUAUUUUUUUU
56,17,105,.....((....((....))....((....))....((....))....((....))....((....))....((....))....))....................,AAAAAGGAAAACGGCAACGACAACAGAAAUGAAAAGCAAAAGCAAACGGGAAACCAAAAACGAAAGUAAAAGGAAAACCAUAACCAAAAAAAAAAUUAAAAAAAA
57,16,105,............((....))...((...((....))..((...((....))...))..((....))...))..((....))........................,AUAAAUAAAAAAGGAAAACCAAACCAAAGGAAAACCAAGGAAAGGAAAACCAAACCAAGCAAUAGCAAAGGAAGCAACAGCAAAACAAUAAAAAAAAAAAAUAAA
58,9,105,.....((((((((..((((....))))..)))).((((..(...)..)))).((((..(..(((.....)))..)..))))))))....................,AUAAACGGGGACGAGGCGGAAAACCGCAACGUCACCGGGACAAGGGACCGGAGCCCAACAACGGAGGACCCGCGGACGGGCCCCGAAGACAAUUAAAAAAAAAAA
59,64,109,((...((....((.....((.........((..............................))...............)).........)).......))....))...,GCGAACCGAAACCAUAAGCCAGAUAAAAACCGAAAAAAAACAAUAAAAUAACAAGAACUAAGGGACAGAAAAAAAAGGGGAGAGAAAAGGGGAAAGAAGGAAGAGCAAA
60,58,111,((((.((((.(((....))).(((....))).(((....))).(((....))).(((....))).(((....))).)))).(((((......)))))(((....))))))),GCGGACCGCACCCAAAAGGGACAGAAAUCUGAGGCAAAAGCCAGCCAAAAGGCAACCAAAAGGUACGGAAAACCGAGCGGACGCGCAAAAAAGCGCGCGCAAAAGCGCCGC
61,42,116,.....((((.((((.....((((...)))).))))...(((..((((((...)))...)))((((((...)))...))).)))...(((...(((....))).))).)))).....,AAAAAGGCCAGCCCAAAAAGGCGAAACGCCAGGGCCAAGGGAAGAGGCCAAAGGCAAACUCGGAGACAAAGUCAAAUCCACCCACAGAGAAACGGAAAACCGACUCAGGCCAAAAA
62,93,116,........(((((((((((....))))..((((....))))..((((....)))))))))))..(((((((...))))..((((...))))..((((...))))))).........,AAAAAAAAGGAAGCCUGUCAAAAGGCAAACGCAAAAAUGCGAAGACCGAAAGGUCGGCUUCCAAGCCGGGCAAAGCCCAAGCGGAAACCGCAAGAAGAAGCUUCGGCAAAAAAAAA
63,2,116,(((((((....(((...........)))((((((((..(((((((((((((((((((...(((((......))))).)))))).)))))))))))))..))))))))..))))))),CGCGGCGAAAACCCAAAAAAAAAAAGGGCCCCGCGGAAGCCACGGACGAGCCCCCCCAAAGCGCGAAAAAACGCGCAGGGGGGAGCUCGUCCGUGGCAACCGCGGGGAACGCCGCG
64,83,119,.....((((.(((.((....))((....)).))).(((.((....))((....)).))).(((.((....))((....)).))).(((.((....))((....)).))).)))).....,AAAUACGCCACGCACCAAACGGGCCAGAGCAGCGACCCGGCAAAAGCGCAAAAGCAGGGAGCCACGAAAACGCCACAAGGAGGCAGACAGGGAAACCCGAAGACGAGUCAGGCGAACCA
65,32,122,.............................((((......((((....((((...((((..((((.((((.....)).)).)).))..)).))...)).)).....)).))......)).)).,AAAAAAAAAAAAAAAAAAAAAAAAAAAAAGAGGAAAAAACCCGAAAAAGCCAAAGCCCAACCCGAACACCAAAAGUAGUACGAGGAAGGAGCAAAGGACUAAAAACGUGGAAAAAACCAUCA
66,35,123,.(((.(((...(((.(((...))).(((....))).)))...(((.(((....))).(((...))).)))...(((.(((....))).(((...))).)))...))).(((...))).)))..,AGCGAGCCAAAGCAAGCCAAAGGCACGCAAAAGCGAUGCAAACCCAGGAACAAUCCACCGAAACGGAGGGACACGGAAGCAAAAGCUACGGAAACCGACCGGAAGGCACGCAAAGCGACGCAA
67,36,151,.....(((((((...((((...((((...((((.........(((((............)))))...))))....((((..........))))...))))...(((........)))...))))..((......))...))))))).....,AGAGCCGGGGGCAAACCCCACGAGGGAACAGCCAAAAAAAUACCGGCGAUAGAUAAACGGCCGGAGAGGCUAAAAAGGAAGAAUGGAAAUCCUAAACCCUAAACCAAUAAAACAUGGGAAGGGGGAACAAACAAGUAAAGCCCCCGAAUAA
68,39,174,(((((.((((((.((((((.((((((.((((((.((((((....((((((......)))))).)))))).(((((...(((((((...)))))))))))).)))))).((((((((((((...)))))))...))))).))))))....))))))....))))))....))))),CCCCGAGCGCAAACACCCGACGGCCGAGCCCCGAGGGGCGAAAAGCCGCUAAAGAAAGCGGCACGCCCCAACAGCUGACCCCGCCUAGGGCGGGGGCUGUACGGGGCAGGCGACGCAGCGAAACGCUGCGAAAUCGCCGCGGCCGCAAACGGGUGACAAUUGCGCGAGGCGGGG
69,70,184,...(((((((....((..((..(((..((..((..((..((..((..((...)).))..)).)).))..)).))).)).)))))))))........(((((((....((..((..(((..((..((..((..((..((..((...)).))..)).)).))..)).))).)).)))))))))...,ACAGGGAAGCAAAACGAAGCAACGCAAGGAAGCAAGGAACCAGGGAAGCAAAGCACCAAGGACCAGCGACCAGCGAGCACGGCUUCCCAAAAAAAAGGGCGCGAAAUCGAACCAAGCAAAGCAAGGAGGCGACCAGCCGAGCAAAGCAGGAAGGAGCACCGAGCAUGCAGGACGCGCGCCCAGA
70,4,192,((((((((((((((.((((((...........((((((((((((.....((((((((....(((((((((((((........))))))))))....))))))))....))))))....)))))...((((((.......))))))))))............)))))).))))....))))))...))))...,CCCGCCCGCAGCGGACCCCAGAAAUGAAUUAACGGCGGGCCGGCAAAAAGGCACCGGCAAAGGCCCCGGCGCCCAAAAAAAAGGGCGCCGGGAAAAGCCCCGGUAGAAGCCGCCAAUAGGCCCAAUCGCGACAAAGAUAGUCGCGGCCGCAUACAGAGACACUGGGGAUCGCAAGAUGCGGGACACGGGAAC
71,69,200,.((.((.....(((((...((.(((.........................))).))...))).))...)).)).(((..(((..((.......((....)).......)))))......))).(((((.......(((..((..(((..((.(((...............)))..))..)))..)).)))..))..))).,AGCAACAAAAACCCCCAAACGACCGAAAAAAAAAAAAAAGAUAAAAAAAACGGACGAAAGGGAGGAAAGUAGCAGGCAAGGGAAGCAAAAAUAGAAAAAUCAAAAAAAGCCCCAAAAAAGCCACGCCCAAAAAAACCCAAGCAAGAGAACAAGCCAAAAAAAAAAAAAAAGGCAAUGAACUCAAGCAGGGAAGGAAGCGA
72,98,202,...(((((((...))))..((((...))))..((((...)))))))........(((((((...))))..((((...))))..((((...)))))))........(((((((...))))..((((...))))..((((...)))))))........(((((((...))))..((((...))))..((((...)))))))...,CAAGCGCCACAAAGUGGAAAAGCAAAGCUUAAGCCGAAACGGCCGCAAAAAAAACGCCCCGAAACGGGAAGCGCAAAGCGCAAGGCCAAAGGCCGCGAAAAAAAACCCGCCGAAACGGCAAGGCGAUACGCCAGCCCCAAGGGGGGGGAAAAAAAAGGCGCAGAAACUGCAACCGCAAAGCGGAAAGCCAAAGGCUGCCAAA
74,12,213,((((....))))...(((((((..(((((((.......))))))))))))))...((((((((......(((((((.(((((((.......))))))))))))))...((((((((((((((.......))))))).)))))))......))))))))...((((((((((((((.......)))))))..)))))))...((((....)))),GCCAAAAAUGGCAAACCGGGCCAACACGCACAAAAAAAGUGCGUGGGCCCGGAAAGGCCGCGGAAAAAACGCGCCGAGCGGCAGAAAAAAACUGCCGCCGGCGCGAAACGAGCGGCAGCACCAAAAAAAGGUGCUGACCGCUCGAAAAAACCGCGGCCAAACGGGCGGCGCCACGAAAAAAACGUGGCGAACCGCCCGAAACCCGAAAACGGG
75,82,214,...((((((....))))))(((((....)))))((((((....))))))(((((....)))))((((((....))))))(((((....)))))(((((....)))))((((((....)))))).(((((....)))))((((((....))))))(((((....)))))((((((....))))))(((((....)))))((((((....)))))),AAACGCGUCAAAAGGCGUGCGAUCAAGAGAUCGCCUUCUAAAAGGAAGGAUGCUAAAAGGCAUAGGCACAAAAGUGCUUCCCCCAACAGGGGGUGUCGAAAACGACACAACGGAAAACCGUUGAUGCAAAAAAUUGUAAAGUCCAGAAGGACUUCCGACAAAAGUUGGCCCGGUAAAAGCCGGGGCUACAAAAGUAGUAUCCGGAAGACUGGAU
76,68,282,((((....).))).((((....).))).((((....).))).((((....).))).((((....).))).((((....).))).((((((((((((((((((((((...)))).))))))).(((((..((((((((((..(((((((...))))))).))))))))))((((.((((((...)))))))))))))))...))))))))))).((((....).))).((((....).))).((((....).))).((((....).))).((((....).))),GCGCUAAAGACGCAGGAGUGAACAUCCAGGGCAAUAGACCCAGGCCAUCAGAGCCAGACCAAAAGAGUCAGACCAAAAGAGUCACCCGCGGGGCCCGCCAGCACCCAAAGGGUAGCUGGCGACGCCCAGAGCGGCGCGCAACGGCGCGAAGCGCGCCGAGCGCGCCGCUAGCCACGCCCCAAAGGGGCGGGCUGGGCGAAAGGCCCCGCGGGGCGCCGAAAGAGCGAGCACGAAAGUUGCACGCCGAAAGAGCGAGCCCGAAAGUGGCAGAGGGAAACACUC
77,7,284,.....((((((((...((((((((((..((((..........))))..((((..........))))..((((..........))))..))))))))))...((((((((((..((((..........))))..((((..........))))..((((..........))))..))))))))))...((((((((((..((((..........))))..((((..........))))..((((..........))))..))))))))))...)))))))).....,AAAAAAGCGCCGGAAAGGGAGCCGAGAAAGUCAAAAAAAAAAGGCUAAGCCGAAAAAAACAACGGCAAGCCCAAAAAAAAAAGGGCAACUCGGCUCCCAAAGCCAACACGCAAAGAGAAAAAAAAAACUCUAACCCCAAAAAAAAAAGGGGAACACGAAAAAAAAAACGUGAAGCGUGUUGGCAAACACCGGGCCGAAGCUCAAAAAAAAAAGGGCAAGGACAAAAAAAAAAGUCCAAGGCAAACAAAAAAAUGCCAACGGCCCGGUGAAACCGGCGCUAAAAA
79,38,316,...((....))....(((((((((.........)))))))))....((((.....)))).....(((....)))...(((((.......)))))....(((...((....)).....(((....)))....((((((.......))))))....(((....))).....((((((....(((.......)))..(((........)))...(((((......)))))...((((.....))))..)))))).........((....)).....((....))......(((((..........)))))......))),AAACCAAAAGGAAAAGCAGCCCGGCAAAAAAAACCGGGCUGCACAAGGGCAAGAAGCCCAAAAACGCAAAAGCGAAACCCGGCAAAAAACCGGGAAAACGCAAAGCAAAAGCAAAAAGCCAUAAGGCAUAAGCCCGAAAAAAAAUCGGGCAAGAGACAAAAGUCAAAAACCCCCGAAUACCGAAAUGAACGGCACCGAAAAAAAACGGAUACCCGCAAAAAAGCGGGAGACCCGAAAAACGGGAACGGGGGAAAAAAAAACCUAAAGGAAAAAGGAAAACCGAAAAAGCGCGAAAAAAUAAACGCGCAAAAAAGCG
80,51,337,((((((.((((((....)))))).(((....))).(((....))).((((((....)))))).(((....))).((((((....)))))).(((....))).(((....))).((((((....)))))).(((....))).((((((....)))))).(((....))).(((....))).((((((....)))))).(((....))).((((((....)))))).(((....))).(((....))).((((((....)))))).(((....))).((((((....)))))).(((....))).(((....))).((((((....)))))).)))))),CCACCAAGCCCCCAAAUGGGGGCACCCAAAAGGGACCGAUAACGGAGGCCCCGAAAGGGGCCAGGCAAAAGCCACCCGGGAGGACCCGGGAGACAAAAGUCAGGGAAGACCCAGCGCCGAAUACGGCGCAGCCAAAAGGCACCAGGGCUCGCCCUGGACAGUAAACUGAGGAAAAAUCCACCACGGAUGACCGUGGAGGCGAAAGCCGAGGGGGUUAACCCCCUAGCCGAAAGGCAAGAGAAAUCUGCACCCGAAAGCGGGUGACCCGAAAGGGAGCGGCCUAAUGGCCGCACGCAAACGCGAACGUAAACGUAGCGCGCUAAAGCGCGCAUGGUGG
81,86,355,.......((((.((((.(((.(((....))).(((.(((....))).(((.(((....))).(((.(((....))).(((.......))).))).))).))).))).(...).)))).((((...((.(((...((...))........))).(((.(((....)))(((....)))(((....)))))).))...((((.(...).(((.(((.(((.(((.(((....(((....))).))).(((....))).))).(((....))).))).(((....))).))).((((((....)))(((....))).(((....)))))).))).))))...)))).)))).......,AAAGAGAGCCCAAGGCACGCAGCGAAAACGCAGACACAGAAACCUGGAGCACGCCAACGCGACGGACGAGGAAUCGACCAGAAAAAAUGGCCCGAGCUAGUCAGCGAGUACCAGCCUACCCCACACCAACCAAGGCAAAGCAAAAAAAGGGUAGCCAGCCAAAAGGCCACAAACGUGCGGAAAACCGGGCAGGAAAGCGCAGAACCACCCACGCACGGAAGAGGAGAUAACCCAAUAGGGACUCACCGUUAUCGGAUCUACCCAAUAGGGACCGAGCCAAAAGGCAGCGAGGCCCCGCAAGGGCGCACGAGCGAGGCCAUAGCCGCCAGGGAGCGCAAAGGGGAGGGCACAAAAA
84,73,370,((((...))))(((((((....))(((((..(((((((....))(((((((((...))))..((((...)))))))))((....)))))))..(((((((....))(((((((((...))))..((((...)))))))))((....)))))))..(((((((....))(((((((((...))))..((((...)))))))))((....)))))))..(((((((....))(((((((((...))))..((((...)))))))))((....)))))))..(((((((....))(((((((((...))))..((((...)))))))))((....)))))))..)))))((....)))))))((((...)))),GCGCAAAGCGCGGGACAGGAAACUCCAGCAACACGAGCAUAAGCGCCGCGCCCAAGGGGCAACAGCUAAGCUGGCGGCCCGAAAGGUCGUGAAGAGGCCCAAAAGGGGGCCGAGCAAGGCUCUACAGGAAACCUGGGCCCGCAACAGCGCCUCAACCCGCGGAAAACCACGGCGCCGAAACGGCCACGGCAAAGCCGGCCGUCCAAAAGGGCGGGAAGCCCCGCAAACGCGCGGCCCGGUCACCGGAACGACAAAGUCGGCCGCCCAAAAGGGGGGCAAAGGGCGGAAAACCGGCACCCCGAAUCGGGAACGAGAGACUCGGUGCCCGGCAACGGCCCUAAGCUGGCCUGAAGGGUCCCGCCGACACGGC
85,28,378,...((((..(((((.....)))))..(((((...)))))..(((((.....)))))..(((((...)))))..(((((.....)))))..(((((.....))))).((((((((((((((((((((((((((((......))))).(((((.............((((.........................................)))).............)))))(((((....))))).)))))))))))))))))))))))..(((((.....)))))..(((((.....)))))..(((((.....)))))..(((((.....)))))..(((((....)))))..(((((.....))))).))))...,AAACGCGAACCCCCAAAAAGGGGGAAGCGCCAAAGGCGCAAGCCGCAAAAAGCGGCAACGCCGAAACGGCGAACGGCGAAAAACGCCGAACGGCCAAAAAGGCCGACCGGGCGACGGGGCGCCGGCGGCGGAGCAAAAAAGCUCCAGGCGGAAAAAAAAAAAAAGGGGAAAAAAAAAAAAAAAAAAAAAAAAAAAAAAAAAAAAAAAAACCCCAAAAAAAAAAAAACCGCCCCGCCAAAAGGCGGAGCCGCCGGCGCCCCGUCGCCCGGAACAACGAAAAACGUUGAAGCGCGAAAAACGCGCAAGCGGCAAAAAGCCGCAACCCGCAAAAAGCGGGAACCGGAAAAAUCCGGAAGCGACAAAAAGUCGCACGCGAAA
86,6,379,(((((((((((........)))).((...............))....(((((.......))))))))))))....(((((((..((((........))))(((.............)))....(((((.......))))))))))))....(((((((..((((........))))((((((.......))))))....(((((.......))))))))))))....(((((((..((((........))))((((((.......))))))....(((((.......))))))))))))....(((((((..((((........))))((((((.......))))))....(((((.......))))))))))))....,CAGGGAGCAGGUAUGAAACCCUGAGCGAAACCAAAACAAAAGCAAAAGGCGGUCAUAAUCCGCCCUCCCUGGAAAGGCGCCCGAGCCCAAAAAAAAGGGCACCAAGAUAGAAUAGCGGUGAAUGCCAGCAAGAAACUGGCGGGCGCCAAUAGGGGCGGAACCCCAAAGAAAAGGGGGCCGCGAAAAUUACGCGGCAGAAGCAGGAAGACUACCUGCCCGCCCCAGUAGCCCACGAAGGACGAAGAACGGUCCGCGCCCAAUAGAAGGGCGCAAAAGGGCAAUUAAAAUGCCCCGUGGGCAAAGGGGACGCGCGCCGAAUAAGAACGGCGGCCGGAAGCACGCCGGCCAGAUGCCCCAAAAGUCGGGGCGCGUCCCAGAA
87,74,380,(..((....((..((....((..((....(..((..((....((..((..((....(..((..((..((....((..((..((..((....((..((..((..((..((....((..((..((..((..((....((..((..((..((..((..((....((..((..((..((..((..((....((..((..((..((..((..((......))..))..))..))..))..))))..))..))..))..))..))))..))..))..))..))..))))..))..))..))..))))..))..))..))..))))..))..))..))))..))..))..)))..))..))))..))..)))..))))..))))..),GGACGAAAACCAAGGAAAAGGAAGGAAAAGGACGAAGGAAAAGGAAGCAAGCAAUAGAGCCAACCAAGCAAAACCAACGAACGAAGCCAAAGCAAGAGAACCACCAGACAAAAGCAACCAACCAACGAAGCAAAACCAAGGAAGCAAGGAAGGAAGCAAAAGCAACGCAAGCACAACCCAACGGUCACCACCCAGCCGACCAGAGUAGGACAAAACCAUCUAAGGGAGGAAGGAAGGCGGAGGAAUGAACUGACGAAGCGCACCCGGCCAAGCAACCAAGGGCAACGGAGGAAGGAAGCGUAAGGAAGUGAUCAGGCGCAACGAACGAAGGGCGAGGAAGGACCGCAAGCAACCCCAACGAACCCAACCCCAAGGCGGAC
89,56,387,(((((((((((.(((((..(((((....((((((..(((((...(((((..((((((.((((((((((((((....))))))))))))))..(((....))).(((((((((....)))))))))..(((((....))))).)))))).))))).))))).))))))...((((((((.....))).)))))..((((((((((((((((((((((((....)))))))))))))).))))))))))...(((((......)))))((((((((((....))))))))))...((((....))))..)))))..))))).((((.(((.(((....)))))))))).(((((((((....))))).)))).)))).))).))))...,GCCCGGAGGCCACCCCGAACCCGCAGAAACGGACACCCACGAAACCGCAAACGCGGGAGCGGCGGGCCACCCAAAUGGGUGGCCCGCCGCCAGCCAACAGGCAACAGAACGGACAACCGUUCUGUAAGCCCCCAUGGGGGCACCCGCGAUGCGGACGUGGCGUCCGUAAAGCCCGGCGGAAAUCGCACGGGCAAGGGGCCCGCCGCCCGGCGCGGACCUUCGGGUCCGCGCCGGGCAGGCGGGCCCCACAGCACCACCAAGGGUGCCCGCAGCGCGGAAGCGCGCUGCGGAAAGGCCAAAAGGCCAAGCGGGAACGGGGACGCCUGCGACCGGAAACGGCGCGGCGAGCCGGGGCCAAAGGGCCCACGGCGGGCCUUCCAGGGCAAA
90,94,389,(((..(((((((.....((((((...)))))).))))..((((((..(((...)))))).(((((...((((....))))....)))))..)))..)))..(((((((.....(((((....)))))......)))((((((((((...)))))(((((...)))))((((((((..(..(..(..(..(..((((....))))..).)..))..).))(((....)))..))))))...))))))))).(((((.((((......(((((((........((((.....))))))))...))).))))((((......((((((((....))))))..(((((...)).(((((...)))))..)))))....)))))))))...))),GGCAAAGGGAAGAUAUCCGGCCCAAAGGGCCGACUUCGACACGGCAAACCAAAGGUGCCAGCGGGAAACGGCAAAAGCCGAUCACCCGCAAGUGAACCUGAGCCGGGGAAAUAGCCCCAAACGGGGCAAAAGACCCGGACCCACGGAACCCGUGCGGCCAACGGCCGGCGGCCGCGAGGACAAGUACGAGAAGCCCAAGAGGGCAACAGGGCGGACAGCGACUAAAGUCAAGGCCGCAAAGGUCCCGGCAGCGCCACCCCGAAAGACGCCGGCAGACCAAACGCGAACCACGCGGCCGAAAGCGAGGGGGGAGAAAACGGCCGCACCAGAAGGUGCGAAGCGGCACAGCAGGCGGACACCGCCAUCGCGCAUAACUCCGGCGCAAAGCC
93,76,393,(((((....)).((((((....)))..((((.((((..(((....)))(((.((....))(((...)))((....)).)))(((....)))..)))).((((..(((....)))(((.((....))(((...)))((....)).)))(((....)))..)))).((((..(((....)))(((.((....))(((...)))((....)).)))(((....)))..)))).((((..(((....)))(((.((....))(((...)))((....)).)))(((....)))..)))).((((..(((....)))(((.((....))(((...)))((....)).)))(((....)))..)))).))))..(((....)))))).((....))))),GCCGCAAAUGCAGCCGCGGAGACGCAAACCAAGCGCCACGCAAGAGCGCCGAGGGAAACCGGCAAAGCCGCAAAAGCACGGGCCAACAGGCAAGCGCACGCCAACCCAAAUGGGGGAACCGAAAGGGGCAAUGCCGCAAAAGCAUCCGCGGAAACGCAAGGCGAGGGCAACGGAAAACCGGGAAGGUAAACCGAGAAGCUCGCAAACGCAUCCGGGAAAACCCACGCCCACCACACGCCGGAAGGCGGGACCAAAAGGGGCUAAGCCGCGAAAGCACCCGCGAAACCGCGAGUGGACCCCAACCCAAAAGGGGCCACCAAACGGGCGACACGCGCGAAAGCAGGCGGCCAAGGCCAAGGGGAUGGUAAGGCAAGAGCCGGCACCAAAAGGGGC
95,63,400,.....((((((((..((((....))))..((((....))))..((((....))))..((((....))))..)))))))).....((((((((..((((....))))..((((....))))..((((....))))..((((....))))..)))))))).....((((((((..((((....))))..((((....))))..((((....))))..((((....))))..)))))))).....((((((((..((((....))))..((((....))))..((((....))))..((((....))))..)))))))).....((((((((..((((....))))..((((....))))..((((....))))..((((....))))..)))))))).....,AAAAAGCGCGGCCAAGGGCAAAAGCCCAAGGGCAAAAGCCCAACCGCAAAAGCGGAACGCCAAAAGGCGAAGGCCGCGCAAAAACCCGCCCCAACCAGAAAACUGGAAGGCGAAAACGCCAACGCGAAAACGCGAAGCCCAAAAGGGCAAGGGGCGGGAAAAAAGACCACCAAGGCGAAAACGCCAAGGCCAAAAGGCCAACGAGAAAACUCGAAGAGCAAAAGCUCAAGGUGGUCUAAAAAGGGGGGCGAACCCAUAAAUGGGAAGGGGAAAACCCCAACCACAAAAGUGGAAGCGCAAAAGCGCAACGCCCCCCAAAAACGGGCGACAAGCCCAAAAGGGCAAGCGGAAAACCGCAACCGGAAAACCGGAACACGAAAACGUGAAGUCGCCCGAAAAA
96,53,400,.......((.........((.........((.........((.........((.........((.........((.........((.........((.........((.........((.........((.........((.........((.........((.........((.........((.........((.........)).........)).........)).........)).........)).........)).........)).........)).........)).........)).........)).........)).........)).........)).........)).........)).........)).........))......,UUUUUUUCCUUUUAUUUUCCUUUUUUUUUCCUUUUUUUUUGCUUUUUUUUUGCUUUUUUUUUACUUUUUUAUUCGUUUUUUUUUGCUUUUUUUUUCCUUUUUAUUUCGUUUUUUUUUGCUUUUUUUUUGGUUUUUUUUUCAUUUUUUUUUCCUUUUUUUUUGGUUUUUUUUUGGUUUUUUUUUGGUUUUUUUUUCGUUUUUUUUUCGUUUUUUUUUCCUUUAUUUUUCCUUUUUUUUUCCUUUUUUUUUGGUUUUUUUUUUGUUUUUUUUUCCUUUUUUUUUGCUUUUUUUUUCGUUUUUUUUUGGUUUUUAUUUGCUUUUUUUUUCGUUUUUUUUUGUUUUUUUUUUGCUUUUUUUAUGCUUUUUUUUUGGUUUUUAUUUGGUUUUUUUUUGGUUUUUU
97,22,400,................................................................................................................................................................................................................................................................................................................................................................................................................,AAAAAAAAAAAAAAAAAAAAAAAAAAAAAAAAAAAAAAAAAAAAAAAAAAAAAAAAAAAAAAAAAAAAAAAAAAAAAAAAAAAAAAAAAAAAAAAAAAAAAAAAAAAAAAAAAAAAAAAAAAAAAAAAAAAAAAAAAAAAAAAAAAAAAAAAAAAAAAAAAAAAAAAAAAAAAAAAAAAAAAAAAAAAAAAAAAAAAAAAAAAAAAAAAAAAAAAAAAAAAAAAAAAAAAAAAAAAAAAAAAAAAAAAAAAAAAAAAAAAAAAAAAAAAAAAAAAAAAAAAAAAAAAAAAAAAAAAAAAAAAAAAAAAAAAAAAAAAAAAAAAAAAAAAAAAAAAAAAAAAAAAAAAAAAAAAAAAAAAAAAAAAAAAAAAAAAAAAAAAAAAAAAAAAAAAAAAAAAAA
